player,goals,xg,xa,key_passes,prog_passes,prog_carries,dribbles,pressures,xg_xa
Lamine Yamal,1.0,1.59,2.15,18.0,30.0,45.0,12.0,112.0,3.74
Daniel Olmo,3.0,1.38,1.24,11.0,14.0,17.0,10.0,75.0,2.61
Fabián Ruiz,2.0,1.14,1.17,11.0,29.0,11.0,7.0,84.0,2.31
Nico Williams,2.0,0.95,1.23,12.0,27.0,32.0,15.0,106.0,2.18
Álvaro Morata,1.0,1.57,0.34,3.0,4.0,8.0,1.0,129.0,1.91
Pedri,0.0,0.85,0.62,10.0,8.0,6.0,0.0,61.0,1.47
Mikel Oyarzabal,1.0,0.6,0.44,4.0,5.0,4.0,0.0,57.0,1.04
Daniel Carvajal,1.0,0.35,0.37,5.0,25.0,2.0,1.0,55.0,0.72
Marc Cucurella,0.0,0.02,0.62,6.0,21.0,8.0,0.0,90.0,0.64
Mikel Merino,1.0,0.33,0.31,4.0,5.0,1.0,1.0,46.0,0.64
Ferrán Torres,1.0,0.49,0.09,1.0,5.0,5.0,0.0,34.0,0.58
Rodri,1.0,0.19,0.27,6.0,17.0,6.0,0.0,88.0,0.46
Álex Grimaldo,0.0,0.0,0.46,8.0,10.0,4.0,1.0,11.0,0.46
Aymeric Laporte,0.0,0.27,0.08,2.0,29.0,17.0,1.0,24.0,0.35
Ayoze Pérez,0.0,0.32,0.0,0.0,0.0,4.0,2.0,2.0,0.32
Robin Le Normand,0.0,0.3,0.01,1.0,12.0,0.0,0.0,22.0,0.3
Joselu,0.0,0.14,0.0,0.0,0.0,1.0,1.0,15.0,0.14
Jesús Navas,0.0,0.0,0.13,2.0,5.0,6.0,1.0,20.0,0.13
Álex Baena,0.0,0.0,0.08,1.0,2.0,2.0,0.0,18.0,0.08
Martín Zubimendi,0.0,0.0,0.05,2.0,3.0,6.0,1.0,38.0,0.05
Dani Vivian,0.0,0.05,0.0,0.0,7.0,0.0,0.0,16.0,0.05
Fermín López,0.0,0.04,0.0,0.0,0.0,2.0,1.0,11.0,0.04
Nacho,0.0,0.0,0.03,1.0,6.0,3.0,1.0,12.0,0.03
David Raya,0.0,0.0,0.0,0.0,3.0,0.0,0.0,0.0,0.0
Unai Simón,0.0,0.0,0.0,0.0,13.0,0.0,0.0,0.0,0.0
